{
    "scenario_nodes": {
        "x": [
            100,
            150,
            200,
            250,
            300
        ],
        "metrics": {
            "SRAIOT": {
                "pdr": [
                    89.6,
                    88.93333333333334,
                    89.0,
                    89.84,
                    89.33333333333333
                ],
                "energy": [
                    3.3827765553083213,
                    3.472953390481173,
                    3.5608301125998945,
                    3.4539350452528677,
                    3.6233427943987664
                ],
                "delay": [
                    0.013000000000000001,
                    0.0155,
                    0.018000000000000002,
                    0.0205,
                    0.023
                ],
                "stress": [
                    1.0999999999999999,
                    1.05,
                    1.0,
                    0.95,
                    0.8999999999999999
                ]
            },
            "CLCSR": {
                "pdr": [
                    82.43199999999999,
                    81.81866666666666,
                    81.88,
                    82.6528,
                    82.18666666666667
                ],
                "energy": [
                    4.659331866369985,
                    4.767544068577408,
                    4.872996135119873,
                    4.744722054303441,
                    4.9480113532785195
                ],
                "delay": [
                    0.016666666666666666,
                    0.02,
                    0.023333333333333334,
                    0.026666666666666665,
                    0.03
                ],
                "stress": [
                    1.3166666666666667,
                    1.275,
                    1.2333333333333332,
                    1.1916666666666667,
                    1.15
                ]
            },
            "DCNN-DPFES": {
                "pdr": [
                    78.84799999999998,
                    78.26133333333333,
                    78.32000000000001,
                    79.0592,
                    78.61333333333333
                ],
                "energy": [
                    5.774164832962482,
                    5.909430085721759,
                    6.041245168899842,
                    5.880902567879302,
                    6.13501419159815
                ],
                "delay": [
                    0.017333333333333333,
                    0.0215,
                    0.025666666666666664,
                    0.02983333333333333,
                    0.034
                ],
                "stress": [
                    1.5333333333333334,
                    1.5,
                    1.4666666666666668,
                    1.4333333333333333,
                    1.4000000000000001
                ]
            }
        }
    },
    "scenario_rates": {
        "x": [
            80,
            90,
            100,
            110,
            120
        ],
        "metrics": {
            "SRAIOT": {
                "pdr": [
                    98.0,
                    96.5,
                    95.0,
                    93.5,
                    92.0
                ],
                "energy": [
                    1.0,
                    1.8,
                    2.6,
                    3.4,
                    4.2
                ],
                "delay": [
                    0.008,
                    0.009000000000000001,
                    0.01,
                    0.011,
                    0.012
                ]
            },
            "CLCSR": {
                "pdr": [
                    95.0,
                    92.0,
                    89.0,
                    86.0,
                    83.0
                ],
                "energy": [
                    1.8,
                    2.4,
                    3.0,
                    3.5999999999999996,
                    4.2
                ],
                "delay": [
                    0.01,
                    0.0115,
                    0.013,
                    0.014499999999999999,
                    0.016
                ]
            },
            "DCNN-DPFES": {
                "pdr": [
                    92.0,
                    88.0,
                    84.0,
                    80.0,
                    76.0
                ],
                "energy": [
                    2.0,
                    2.7,
                    3.4000000000000004,
                    4.1,
                    4.800000000000001
                ],
                "delay": [
                    0.009,
                    0.011,
                    0.013,
                    0.015,
                    0.017
                ]
            }
        }
    },
    "scenario_ml": {
        "Accuracy": {
            "SRAIOT": 98.64,
            "SVM": 93.72,
            "KNN": 99.1,
            "ANN": 98.28,
            "Saba et al. [27]": 98.89,
            "Fatani et al. [28]": 98.66
        },
        "ConfusionMatrix": {
            "TN": 3858,
            "FP": 41,
            "FN": 60,
            "TP": 3467
        }
    }
}